url,length,dots,hyphens,has_at,is_https,domain_len,suspicious_words,is_ip,special_chars,entropy,is_shortener,label
https://www.google.com,21,2,0,0,1,10,0,0,0,3.21,0,0
https://www.github.com,21,2,0,0,1,10,0,0,0,3.15,0,0
https://www.wikipedia.org,24,2,0,0,1,13,0,0,0,3.42,0,0
https://www.amazon.com,21,2,0,0,1,10,0,0,0,3.18,0,0
https://www.microsoft.com,24,2,0,0,1,13,0,0,0,3.35,0,0
https://www.apple.com,20,2,0,0,1,9,0,0,0,3.10,0,0
https://www.nytimes.com,22,2,0,0,1,11,0,0,0,3.22,0,0
https://www.stackoverflow.com,28,2,0,0,1,17,0,0,0,3.51,0,0
https://www.linkedin.com,23,2,0,0,1,12,0,0,0,3.28,0,0
https://www.python.org,21,2,0,0,1,10,0,0,0,3.25,0,0
https://www.mit.edu,18,2,0,0,1,7,0,0,0,2.98,0,0
https://www.stanford.edu,23,2,0,0,1,12,0,0,0,3.31,0,0
https://www.bbc.com/news,22,2,0,0,1,7,0,0,1,3.45,0,0
https://www.paypal.com/signin,27,2,0,0,1,10,1,0,1,3.56,0,0
https://developer.mozilla.org,28,2,0,0,1,16,0,0,0,3.62,0,0
https://www.reddit.com/r/technology,34,2,0,0,1,10,0,0,2,3.71,0,0
https://www.cloudflare.com,25,2,0,0,1,14,0,0,0,3.40,0,0
https://www.digitalocean.com,27,2,0,0,1,16,0,0,0,3.48,0,0
https://aws.amazon.com,20,2,0,0,1,10,0,0,0,3.12,0,0
https://scholar.google.com,23,2,0,0,1,10,0,0,0,3.27,0,0
http://paypal-security-update-account.verify-user.xyz/login.php,62,3,4,0,0,38,3,0,3,4.21,0,1
http://192.168.1.105/paypal/secure-login/auth.html,49,3,1,0,0,13,2,1,2,3.95,0,1
http://secure-apple-id-login-update.com-auth.top/verify,54,3,4,0,0,31,3,0,2,4.15,0,1
http://wellsfargo-bank-verification-client.info/account,53,2,3,0,0,31,2,0,1,3.88,0,1
http://login-amazon-prime-verify-security.club/login,51,2,4,0,0,29,3,0,1,4.02,0,1
http://bit.ly/3x8kQ9z_paypal_login,32,2,1,0,0,6,1,0,2,3.80,1,1
http://free-crypto-giveaway-binance-claim.xyz/bonus,50,2,4,0,0,28,2,0,1,3.92,0,1
http://netflix-billing-update-required-now.net/account,53,2,4,0,0,31,2,0,1,3.89,0,1
http://chase-bank-online-alert-verify.com/login,45,2,4,0,0,23,2,0,1,3.81,0,1
http://login.microsoftonline.verify-security-auth.online,53,3,3,0,0,32,2,0,1,4.08,0,1
http://google-drive-shared-file-download.xyz/login.php,52,2,4,0,0,30,2,0,2,3.97,0,1
http://facebook-security-center-support.org/login,47,2,3,0,0,25,2,0,1,3.79,0,1
http://meta-verify-badge-claim-free.tk/account,44,2,4,0,0,22,2,0,1,3.74,0,1
http://instagram-copyright-infringement-appeal.com,49,2,3,0,0,27,0,0,1,3.68,0,1
http://steamcommunity-trade-verify-items.xyz/trade,48,2,3,0,0,26,1,0,1,3.82,0,1
http://ebay-buyer-protection-refund-claim.info,44,2,4,0,0,22,1,0,1,3.70,0,1
http://dhl-express-tracking-package-delivery.top/track,51,2,4,0,0,29,0,0,1,3.85,0,1
http://fedex-parcel-delivery-redirection.site/claim,49,2,3,0,0,27,1,0,1,3.77,0,1
http://metamask-wallet-connect-seed-phrase.xyz/unlock,50,2,4,0,0,28,1,0,1,3.91,0,1
http://trustwallet-security-restore-keys.online/auth,50,2,3,0,0,28,1,0,1,3.86,0,1
